{
  "version": 8,
  "name": "Kahramanmaraş Survey",
  "minzoom": 0,
  "maxzoom": 24,
  "sources": {
    "vectorLyr": {
      "type": "vector",
      "tiles": [
        "https://db.lad-sapienza.it/gis/curry/scms_ksa/{z}/{x}/{y}"
      ],
      "maxzoom": 24
    },
    "EsriSat": {
      "type": "raster",
      "tiles": [
        "https://server.arcgisonline.com/ArcGIS/rest/services/World_Imagery/MapServer/tile/{z}/{y}/{x}"
      ]
    }
  },
  "layers": [
    {
      "id": "sat-esri",
      "source": "EsriSat",
      "type": "raster",
      "metadata": {
        "label": "ESRI Satellite"
      }
    },
    {
      "id": "ksa",
      "source": "vectorLyr",
      "source-layer": "scms_ksa",
      "type": "circle",
      "metadata": {
        "label": "Kahramanmaraş Survey Sites",
        "searchInFields": {
          "Item_Label": "Label",
          "Site_Name": "Site name",
          "Site_Description": "Site description"
        },
        "popupTemplate": "<div><h4>${Site_Name}</h4><p>${Site_Description}</p><small>${Item_Label}</small></div>"
      },
      "paint": {
        "circle-color": "#ff0000",
        "circle-opacity": 0.5,
        "circle-radius": 5,
        "circle-stroke-width": 1.5,
        "circle-stroke-color": "#000000"
      }
    }
  ]
}